{
  "Version": "2019-10-30",
  "StartAction": "7e082168-a817-4aed-8e88-693335a382cb",
  "Metadata": {
    "entryPointPosition": {
      "x": -228,
      "y": 15.2
    },
    "ActionMetadata": {
      "7a12a233-deaa-4b68-bfb6-560fdc22f087": {
        "position": {
          "x": 946.4,
          "y": 4.8
        }
      },
      "87cb2050-d652-4a6a-85a6-7faaef286ba4": {
        "position": {
          "x": 764.8,
          "y": 396.8
        }
      },
      "f9c0a664-83aa-4a91-aaa5-a3c57c8a8b3a": {
        "position": {
          "x": 630.4,
          "y": 1.6
        },
        "parameters": {
          "QueueId": {
            "displayName": "Customer Service Queue"
          }
        },
        "queue": {
          "text": "Customer Service Queue"
        }
      },
      "d02f0f91-f99b-4fb7-bcc9-f9e57021fe38": {
        "position": {
          "x": 288,
          "y": -13.6
        },
        "parameters": {
          "TimeLimitSeconds": {
            "unit": 3600
          }
        },
        "timeoutUnit": {
          "display": "Hours",
          "value": "hour"
        }
      },
      "7e082168-a817-4aed-8e88-693335a382cb": {
        "position": {
          "x": -26.4,
          "y": -0.8
        }
      }
    },
    "Annotations": [],
    "name": "A2Z Cloud Services Disconnected Chat Flow",
    "description": "",
    "type": "contactFlow",
    "status": "PUBLISHED",
    "hash": {}
  },
  "Actions": [
    {
      "Parameters": {},
      "Identifier": "7a12a233-deaa-4b68-bfb6-560fdc22f087",
      "Type": "TransferContactToQueue",
      "Transitions": {
        "NextAction": "87cb2050-d652-4a6a-85a6-7faaef286ba4",
        "Errors": [
          {
            "NextAction": "87cb2050-d652-4a6a-85a6-7faaef286ba4",
            "ErrorType": "QueueAtCapacity"
          },
          {
            "NextAction": "87cb2050-d652-4a6a-85a6-7faaef286ba4",
            "ErrorType": "NoMatchingError"
          }
        ]
      }
    },
    {
      "Parameters": {},
      "Identifier": "87cb2050-d652-4a6a-85a6-7faaef286ba4",
      "Type": "DisconnectParticipant",
      "Transitions": {}
    },
    {
      "Parameters": {
        "QueueId": "arn:aws:connect:us-east-1:510701891233:instance/71c5c52e-0742-4fec-9106-6996e83e5aae/queue/50d5c861-8ff8-476e-ba29-08577426d814"
      },
      "Identifier": "f9c0a664-83aa-4a91-aaa5-a3c57c8a8b3a",
      "Type": "UpdateContactTargetQueue",
      "Transitions": {
        "NextAction": "7a12a233-deaa-4b68-bfb6-560fdc22f087",
        "Errors": [
          {
            "NextAction": "87cb2050-d652-4a6a-85a6-7faaef286ba4",
            "ErrorType": "NoMatchingError"
          }
        ]
      }
    },
    {
      "Parameters": {
        "TimeLimitSeconds": "14400",
        "Events": [
          "CustomerReturned"
        ]
      },
      "Identifier": "d02f0f91-f99b-4fb7-bcc9-f9e57021fe38",
      "Type": "Wait",
      "Transitions": {
        "NextAction": "87cb2050-d652-4a6a-85a6-7faaef286ba4",
        "Conditions": [
          {
            "NextAction": "f9c0a664-83aa-4a91-aaa5-a3c57c8a8b3a",
            "Condition": {
              "Operator": "Equals",
              "Operands": [
                "CustomerReturned"
              ]
            }
          },
          {
            "NextAction": "87cb2050-d652-4a6a-85a6-7faaef286ba4",
            "Condition": {
              "Operator": "Equals",
              "Operands": [
                "WaitCompleted"
              ]
            }
          }
        ],
        "Errors": [
          {
            "NextAction": "87cb2050-d652-4a6a-85a6-7faaef286ba4",
            "ErrorType": "NoMatchingError"
          }
        ]
      }
    },
    {
      "Parameters": {
        "Text": "Sorry the chat got disconnected due to time out.  You may resume the chat by sending a chat message here in the next 4 hours."
      },
      "Identifier": "7e082168-a817-4aed-8e88-693335a382cb",
      "Type": "MessageParticipant",
      "Transitions": {
        "NextAction": "d02f0f91-f99b-4fb7-bcc9-f9e57021fe38",
        "Errors": [
          {
            "NextAction": "87cb2050-d652-4a6a-85a6-7faaef286ba4",
            "ErrorType": "NoMatchingError"
          }
        ]
      }
    }
  ]
}