{
  "Version": "2019-10-30",
  "StartAction": "932ede31-744a-438d-ac13-dc42a349836e",
  "Metadata": {
    "entryPointPosition": {
      "x": 40,
      "y": 40
    },
    "ActionMetadata": {
      "bcbd3c5b-fc61-40e4-8d3b-8cb75e77a139": {
        "position": {
          "x": 475.2,
          "y": 42.4
        }
      },
      "932ede31-744a-438d-ac13-dc42a349836e": {
        "position": {
          "x": 151.2,
          "y": 22.4
        }
      }
    },
    "Annotations": [],
    "name": "A2Z Cloud Customer Whisper Flow",
    "description": "",
    "type": "customerWhisper",
    "status": "PUBLISHED",
    "hash": {}
  },
  "Actions": [
    {
      "Parameters": {},
      "Identifier": "bcbd3c5b-fc61-40e4-8d3b-8cb75e77a139",
      "Type": "EndFlowExecution",
      "Transitions": {}
    },
    {
      "Parameters": {
        "Text": "You are being connect to Agent $.Agent.FirstName $.Agent.LastName"
      },
      "Identifier": "932ede31-744a-438d-ac13-dc42a349836e",
      "Type": "MessageParticipant",
      "Transitions": {
        "NextAction": "bcbd3c5b-fc61-40e4-8d3b-8cb75e77a139"
      }
    }
  ]
}