{
  "Version": "2019-10-30",
  "StartAction": "29333e6c-0993-4cfa-b4a2-321d99baadf3",
  "Metadata": {
    "entryPointPosition": {
      "x": -162.4,
      "y": -14.4
    },
    "ActionMetadata": {
      "74299e6d-9070-407a-869d-37ad697d4f88": {
        "position": {
          "x": 1711.2,
          "y": 27.2
        }
      },
      "ef0cc618-5e3a-47ba-8208-95d88e2b15a4": {
        "position": {
          "x": 1424,
          "y": -44
        },
        "parameters": {
          "EventHooks": {
            "CustomerWhisper": {
              "displayName": "A2Z Cloud Customer Whisper Flow"
            }
          }
        },
        "contactFlow": {
          "text": "A2Z Cloud Customer Whisper Flow",
          "id": "arn:aws:connect:us-east-1:510701891233:instance/71c5c52e-0742-4fec-9106-6996e83e5aae/contact-flow/39b6e603-b113-4127-8a50-2cfa1e4cb74f"
        },
        "customerOrAgent": true
      },
      "20513dd3-9077-45c3-906e-630993dc84bc": {
        "position": {
          "x": 1964,
          "y": 19.2
        }
      },
      "3151bcea-4555-4bd4-9b7d-6ebe2f2ac361": {
        "position": {
          "x": 1520,
          "y": 256
        },
        "conditionMetadata": [
          {
            "id": "3e17497d-c597-4bc3-b941-c995633430f6",
            "value": "1"
          }
        ]
      },
      "4bf1ab5b-1ec8-4eb0-8abe-531c3a903171": {
        "position": {
          "x": 2346.4,
          "y": 159.2
        }
      },
      "4ae28532-8270-4a5f-9c2a-10254ad11ef7": {
        "position": {
          "x": 1804,
          "y": 234.4
        },
        "parameters": {
          "ContactFlowId": {
            "displayName": "A2Z Cloud Services Task Flow"
          },
          "Attributes": {
            "SelectedQueue": {
              "useDynamic": true
            }
          },
          "DelaySeconds": {
            "unit": 60
          }
        },
        "ContactFlow": {
          "text": "A2Z Cloud Services Task Flow"
        },
        "delayUnit": {
          "value": "minute"
        }
      },
      "894cdc38-0aa8-41fb-99ad-7fb32e172e44": {
        "position": {
          "x": 2345.6,
          "y": 411.2
        }
      },
      "29333e6c-0993-4cfa-b4a2-321d99baadf3": {
        "position": {
          "x": -51.2,
          "y": -32
        }
      },
      "25fdfc1a-e5b3-4f59-b204-8776686d693f": {
        "position": {
          "x": -41.6,
          "y": 406.4
        },
        "parameters": {
          "EventHooks": {
            "CustomerQueue": {
              "displayName": "A2Z Cloud Customer Queue Flow"
            }
          }
        },
        "contactFlow": {
          "text": "A2Z Cloud Customer Queue Flow",
          "id": "arn:aws:connect:us-east-1:510701891233:instance/71c5c52e-0742-4fec-9106-6996e83e5aae/contact-flow/5ea8b0ea-2586-49c6-94da-24403803d09f"
        },
        "customerOrAgent": true
      },
      "536ec0f3-02b7-46fd-9467-3d63428950e5": {
        "position": {
          "x": 183.2,
          "y": 245.6
        },
        "parameters": {
          "LambdaFunctionARN": {
            "displayName": "myFirstLambda"
          }
        },
        "dynamicMetadata": {}
      },
      "d597c935-68be-4379-ab19-ba91f14d0114": {
        "position": {
          "x": 1099.2,
          "y": 40
        }
      },
      "da3f0056-eb4f-4429-92c3-00402245be46": {
        "position": {
          "x": 800,
          "y": 221.6
        },
        "parameters": {
          "QueueId": {
            "displayName": "Customer Service Queue"
          }
        },
        "queue": {
          "text": "Customer Service Queue"
        }
      },
      "533a40a3-2d65-440a-8d5a-dfb108b650df": {
        "position": {
          "x": 800,
          "y": 20.8
        },
        "parameters": {
          "QueueId": {
            "displayName": "Sales Queue"
          }
        },
        "queue": {
          "text": "Sales Queue"
        }
      },
      "a215ce09-8aa4-4202-957e-a7f5f95cf771": {
        "position": {
          "x": 803.2,
          "y": 420
        },
        "parameters": {
          "QueueId": {
            "displayName": "Technical Support Queue"
          }
        },
        "queue": {
          "text": "Technical Support Queue"
        }
      },
      "6ba1c5ef-1a73-4880-9c2d-54a3a0218cee": {
        "position": {
          "x": 225.6,
          "y": 50.4
        },
        "parameters": {
          "Text": {
            "useDynamic": true
          }
        },
        "useDynamic": true
      },
      "6ace7fc1-df15-4e6b-9444-1f90ed23d7eb": {
        "position": {
          "x": 1281.6,
          "y": 411.2
        }
      },
      "6ffd6162-37fd-47f3-91b4-5e10378a8dca": {
        "position": {
          "x": 486.4,
          "y": 25.6
        },
        "parameters": {
          "LexV2Bot": {
            "AliasArn": {
              "displayName": "A2ZCloudConnectBot",
              "useLexBotDropdown": true,
              "lexV2BotName": "A2ZCloudSupport"
            }
          }
        },
        "useLexBotDropdown": true,
        "lexV2BotName": "A2ZCloudSupport",
        "lexV2BotAliasName": "A2ZCloudConnectBot",
        "conditionMetadata": [
          {
            "id": "347ffdca-98ad-492c-a5c9-20c0166e127d",
            "operator": {
              "name": "Equals",
              "value": "Equals",
              "shortDisplay": "="
            },
            "value": "FallbackIntent"
          },
          {
            "id": "86eb5ee5-2f49-453b-8cbf-9e4bb190de92",
            "operator": {
              "name": "Equals",
              "value": "Equals",
              "shortDisplay": "="
            },
            "value": "CloudserviceDown"
          },
          {
            "id": "1f018a05-b6e4-48e2-8d45-65dc47a19289",
            "operator": {
              "name": "Equals",
              "value": "Equals",
              "shortDisplay": "="
            },
            "value": "NewService"
          }
        ]
      }
    },
    "Annotations": [],
    "name": "A2Z Cloud Inbound Flow",
    "description": "Main inbound flow for A2Z Cloud",
    "type": "contactFlow",
    "status": "PUBLISHED",
    "hash": {}
  },
  "Actions": [
    {
      "Parameters": {},
      "Identifier": "74299e6d-9070-407a-869d-37ad697d4f88",
      "Type": "TransferContactToQueue",
      "Transitions": {
        "NextAction": "6ace7fc1-df15-4e6b-9444-1f90ed23d7eb",
        "Errors": [
          {
            "NextAction": "20513dd3-9077-45c3-906e-630993dc84bc",
            "ErrorType": "QueueAtCapacity"
          },
          {
            "NextAction": "6ace7fc1-df15-4e6b-9444-1f90ed23d7eb",
            "ErrorType": "NoMatchingError"
          }
        ]
      }
    },
    {
      "Parameters": {
        "EventHooks": {
          "CustomerWhisper": "arn:aws:connect:us-east-1:510701891233:instance/71c5c52e-0742-4fec-9106-6996e83e5aae/contact-flow/39b6e603-b113-4127-8a50-2cfa1e4cb74f"
        }
      },
      "Identifier": "ef0cc618-5e3a-47ba-8208-95d88e2b15a4",
      "Type": "UpdateContactEventHooks",
      "Transitions": {
        "NextAction": "74299e6d-9070-407a-869d-37ad697d4f88",
        "Errors": [
          {
            "NextAction": "74299e6d-9070-407a-869d-37ad697d4f88",
            "ErrorType": "NoMatchingError"
          }
        ]
      }
    },
    {
      "Parameters": {
        "Text": "Sorry all our agents are busy at the moment.  Please call back later"
      },
      "Identifier": "20513dd3-9077-45c3-906e-630993dc84bc",
      "Type": "MessageParticipant",
      "Transitions": {
        "NextAction": "4bf1ab5b-1ec8-4eb0-8abe-531c3a903171",
        "Errors": [
          {
            "NextAction": "4bf1ab5b-1ec8-4eb0-8abe-531c3a903171",
            "ErrorType": "NoMatchingError"
          }
        ]
      }
    },
    {
      "Parameters": {
        "StoreInput": "False",
        "InputTimeLimitSeconds": "5",
        "Text": "Sorry you have reached us beyond our business hours.  Pleae hang up and call us during working hours.  Alternatively you can press 1 if you would like to call you back during our working hours,"
      },
      "Identifier": "3151bcea-4555-4bd4-9b7d-6ebe2f2ac361",
      "Type": "GetParticipantInput",
      "Transitions": {
        "NextAction": "4bf1ab5b-1ec8-4eb0-8abe-531c3a903171",
        "Conditions": [
          {
            "NextAction": "4ae28532-8270-4a5f-9c2a-10254ad11ef7",
            "Condition": {
              "Operator": "Equals",
              "Operands": [
                "1"
              ]
            }
          }
        ],
        "Errors": [
          {
            "NextAction": "4bf1ab5b-1ec8-4eb0-8abe-531c3a903171",
            "ErrorType": "InputTimeLimitExceeded"
          },
          {
            "NextAction": "4bf1ab5b-1ec8-4eb0-8abe-531c3a903171",
            "ErrorType": "NoMatchingCondition"
          },
          {
            "NextAction": "4bf1ab5b-1ec8-4eb0-8abe-531c3a903171",
            "ErrorType": "NoMatchingError"
          }
        ]
      }
    },
    {
      "Parameters": {},
      "Identifier": "4bf1ab5b-1ec8-4eb0-8abe-531c3a903171",
      "Type": "DisconnectParticipant",
      "Transitions": {}
    },
    {
      "Parameters": {
        "Name": "Customer Call Back Request",
        "ContactFlowId": "arn:aws:connect:us-east-1:510701891233:instance/71c5c52e-0742-4fec-9106-6996e83e5aae/contact-flow/55aec2cc-125c-477d-a7db-cad9c881bc4f",
        "Description": "Customer call back request from phone number $.CustomerEndpoint.Address",
        "Attributes": {
          "SelectedQueue": "$.Queue.ARN"
        },
        "DelaySeconds": "180"
      },
      "Identifier": "4ae28532-8270-4a5f-9c2a-10254ad11ef7",
      "Type": "CreateTask",
      "Transitions": {
        "NextAction": "894cdc38-0aa8-41fb-99ad-7fb32e172e44",
        "Errors": [
          {
            "NextAction": "4bf1ab5b-1ec8-4eb0-8abe-531c3a903171",
            "ErrorType": "NoMatchingError"
          }
        ]
      }
    },
    {
      "Parameters": {
        "Text": "Thank you will call you back per your request"
      },
      "Identifier": "894cdc38-0aa8-41fb-99ad-7fb32e172e44",
      "Type": "MessageParticipant",
      "Transitions": {
        "NextAction": "4bf1ab5b-1ec8-4eb0-8abe-531c3a903171",
        "Errors": [
          {
            "NextAction": "4bf1ab5b-1ec8-4eb0-8abe-531c3a903171",
            "ErrorType": "NoMatchingError"
          }
        ]
      }
    },
    {
      "Parameters": {
        "RecordingBehavior": {
          "RecordedParticipants": [
            "Agent",
            "Customer"
          ]
        }
      },
      "Identifier": "29333e6c-0993-4cfa-b4a2-321d99baadf3",
      "Type": "UpdateContactRecordingBehavior",
      "Transitions": {
        "NextAction": "25fdfc1a-e5b3-4f59-b204-8776686d693f"
      }
    },
    {
      "Parameters": {
        "EventHooks": {
          "CustomerQueue": "arn:aws:connect:us-east-1:510701891233:instance/71c5c52e-0742-4fec-9106-6996e83e5aae/contact-flow/5ea8b0ea-2586-49c6-94da-24403803d09f"
        }
      },
      "Identifier": "25fdfc1a-e5b3-4f59-b204-8776686d693f",
      "Type": "UpdateContactEventHooks",
      "Transitions": {
        "NextAction": "536ec0f3-02b7-46fd-9467-3d63428950e5",
        "Errors": [
          {
            "NextAction": "6ace7fc1-df15-4e6b-9444-1f90ed23d7eb",
            "ErrorType": "NoMatchingError"
          }
        ]
      }
    },
    {
      "Parameters": {
        "LambdaFunctionARN": "arn:aws:lambda:us-east-1:510701891233:function:myFirstLambda",
        "InvocationTimeLimitSeconds": "3",
        "ResponseValidation": {
          "ResponseType": "STRING_MAP"
        }
      },
      "Identifier": "536ec0f3-02b7-46fd-9467-3d63428950e5",
      "Type": "InvokeLambdaFunction",
      "Transitions": {
        "NextAction": "6ba1c5ef-1a73-4880-9c2d-54a3a0218cee",
        "Errors": [
          {
            "NextAction": "6ace7fc1-df15-4e6b-9444-1f90ed23d7eb",
            "ErrorType": "NoMatchingError"
          }
        ]
      }
    },
    {
      "Parameters": {},
      "Identifier": "d597c935-68be-4379-ab19-ba91f14d0114",
      "Type": "CheckHoursOfOperation",
      "Transitions": {
        "NextAction": "6ace7fc1-df15-4e6b-9444-1f90ed23d7eb",
        "Conditions": [
          {
            "NextAction": "ef0cc618-5e3a-47ba-8208-95d88e2b15a4",
            "Condition": {
              "Operator": "Equals",
              "Operands": [
                "True"
              ]
            }
          },
          {
            "NextAction": "3151bcea-4555-4bd4-9b7d-6ebe2f2ac361",
            "Condition": {
              "Operator": "Equals",
              "Operands": [
                "False"
              ]
            }
          }
        ],
        "Errors": [
          {
            "NextAction": "6ace7fc1-df15-4e6b-9444-1f90ed23d7eb",
            "ErrorType": "NoMatchingError"
          }
        ]
      }
    },
    {
      "Parameters": {
        "QueueId": "arn:aws:connect:us-east-1:510701891233:instance/71c5c52e-0742-4fec-9106-6996e83e5aae/queue/50d5c861-8ff8-476e-ba29-08577426d814"
      },
      "Identifier": "da3f0056-eb4f-4429-92c3-00402245be46",
      "Type": "UpdateContactTargetQueue",
      "Transitions": {
        "NextAction": "d597c935-68be-4379-ab19-ba91f14d0114",
        "Errors": [
          {
            "NextAction": "6ace7fc1-df15-4e6b-9444-1f90ed23d7eb",
            "ErrorType": "NoMatchingError"
          }
        ]
      }
    },
    {
      "Parameters": {
        "QueueId": "arn:aws:connect:us-east-1:510701891233:instance/71c5c52e-0742-4fec-9106-6996e83e5aae/queue/abcb577c-3ad1-492d-928a-5adf1d800fe0"
      },
      "Identifier": "533a40a3-2d65-440a-8d5a-dfb108b650df",
      "Type": "UpdateContactTargetQueue",
      "Transitions": {
        "NextAction": "d597c935-68be-4379-ab19-ba91f14d0114",
        "Errors": [
          {
            "NextAction": "6ace7fc1-df15-4e6b-9444-1f90ed23d7eb",
            "ErrorType": "NoMatchingError"
          }
        ]
      }
    },
    {
      "Parameters": {
        "QueueId": "arn:aws:connect:us-east-1:510701891233:instance/71c5c52e-0742-4fec-9106-6996e83e5aae/queue/d3c059a6-37f2-444d-9280-995e705f4382"
      },
      "Identifier": "a215ce09-8aa4-4202-957e-a7f5f95cf771",
      "Type": "UpdateContactTargetQueue",
      "Transitions": {
        "NextAction": "d597c935-68be-4379-ab19-ba91f14d0114",
        "Errors": [
          {
            "NextAction": "6ace7fc1-df15-4e6b-9444-1f90ed23d7eb",
            "ErrorType": "NoMatchingError"
          }
        ]
      }
    },
    {
      "Parameters": {
        "Text": "$.External.body"
      },
      "Identifier": "6ba1c5ef-1a73-4880-9c2d-54a3a0218cee",
      "Type": "MessageParticipant",
      "Transitions": {
        "NextAction": "6ffd6162-37fd-47f3-91b4-5e10378a8dca",
        "Errors": [
          {
            "NextAction": "6ace7fc1-df15-4e6b-9444-1f90ed23d7eb",
            "ErrorType": "NoMatchingError"
          }
        ]
      }
    },
    {
      "Parameters": {
        "Text": "Sorry an error occurred.  The call is being disconnected.  Please call bacl later"
      },
      "Identifier": "6ace7fc1-df15-4e6b-9444-1f90ed23d7eb",
      "Type": "MessageParticipant",
      "Transitions": {
        "NextAction": "4bf1ab5b-1ec8-4eb0-8abe-531c3a903171",
        "Errors": [
          {
            "NextAction": "4bf1ab5b-1ec8-4eb0-8abe-531c3a903171",
            "ErrorType": "NoMatchingError"
          }
        ]
      }
    },
    {
      "Parameters": {
        "Text": "How may I help you?",
        "LexV2Bot": {
          "AliasArn": "arn:aws:lex:us-east-1:510701891233:bot-alias/RDLIQBG1QR/CSVI74GXFN"
        }
      },
      "Identifier": "6ffd6162-37fd-47f3-91b4-5e10378a8dca",
      "Type": "ConnectParticipantWithLexBot",
      "Transitions": {
        "NextAction": "6ace7fc1-df15-4e6b-9444-1f90ed23d7eb",
        "Conditions": [
          {
            "NextAction": "da3f0056-eb4f-4429-92c3-00402245be46",
            "Condition": {
              "Operator": "Equals",
              "Operands": [
                "FallbackIntent"
              ]
            }
          },
          {
            "NextAction": "a215ce09-8aa4-4202-957e-a7f5f95cf771",
            "Condition": {
              "Operator": "Equals",
              "Operands": [
                "CloudserviceDown"
              ]
            }
          },
          {
            "NextAction": "533a40a3-2d65-440a-8d5a-dfb108b650df",
            "Condition": {
              "Operator": "Equals",
              "Operands": [
                "NewService"
              ]
            }
          }
        ],
        "Errors": [
          {
            "NextAction": "6ace7fc1-df15-4e6b-9444-1f90ed23d7eb",
            "ErrorType": "NoMatchingCondition"
          },
          {
            "NextAction": "6ace7fc1-df15-4e6b-9444-1f90ed23d7eb",
            "ErrorType": "NoMatchingError"
          }
        ]
      }
    }
  ]
}